{"cameraMode":{"drawMode":0,"name":"Shaded","section":"Shading Mode"},"sceneLighting":true,"audioPlay":false,"sceneViewState":{"m_AlwaysRefresh":false,"showFog":true,"showSkybox":true,"showFlares":true,"showImageEffects":true,"showParticleSystems":true,"showVisualEffectGraphs":true,"m_FxEnabled":true},"in2DMode":false,"pivot":{"x":18.976259231567384,"y":60.581268310546878,"z":-4.691448211669922},"rotation":{"x":-0.44829803705215456,"y":-0.16272929310798646,"z":0.08337326347827912,"w":-0.8751357793807983},"size":15.456398010253907,"orthographic":false}